{"Naive Bayes":{"Log Loss (\u2193)":2.9173407271,"FPR (\u2193)":0.4383561644,"Recall \/ Sensitivity (\u2191)":0.9166666667,"AUC (ROC) (\u2191)":0.8898401826,"Cohen's Kappa (\u2191)":0.3972191499,"MCC (\u2191)":0.4585002541,"Dice Score (F1) (\u2191)":0.6534653465},"Random Forest (Optimis\u00e9)":{"Log Loss (\u2193)":0.2963358379,"FPR (\u2193)":0.0410958904,"Recall \/ Sensitivity (\u2191)":0.8333333333,"AUC (ROC) (\u2191)":0.9389269406,"Cohen's Kappa (\u2191)":0.8093294461,"MCC (\u2191)":0.8109690474,"Dice Score (F1) (\u2191)":0.8695652174},"SVM (RBF)":{"Log Loss (\u2193)":0.382193944,"FPR (\u2193)":0.0273972603,"Recall \/ Sensitivity (\u2191)":0.6388888889,"AUC (ROC) (\u2191)":0.9143835616,"Cohen's Kappa (\u2191)":0.6628170757,"MCC (\u2191)":0.6840589807,"Dice Score (F1) (\u2191)":0.7540983607},"R\u00e9seau de Neurones (Adam)":{"Log Loss (\u2193)":0.9025305611,"FPR (\u2193)":0.1506849315,"Recall \/ Sensitivity (\u2191)":0.7777777778,"AUC (ROC) (\u2191)":0.9052511416,"Cohen's Kappa (\u2191)":0.6141233464,"MCC (\u2191)":0.6152664067,"Dice Score (F1) (\u2191)":0.7466666667},"Algo G\u00e9n\u00e9tique + RF":{"Log Loss (\u2193)":0.2946401079,"FPR (\u2193)":0.0821917808,"Recall \/ Sensitivity (\u2191)":0.8333333333,"AUC (ROC) (\u2191)":0.9391171994,"Cohen's Kappa (\u2191)":0.7511415525,"MCC (\u2191)":0.7511415525,"Dice Score (F1) (\u2191)":0.8333333333}}